y_true,p_cal
0,0.0
0,0.14736842105263157
1,0.0
1,0.14736842105263157
0,0.0
1,0.0
0,0.0
0,0.0
1,0.0
0,0.0
1,0.0
0,0.0
0,0.0
0,0.0
1,0.0
0,0.0
0,0.0
0,0.0
0,0.0
0,0.0
0,0.0
0,0.0
0,0.0
0,0.0
0,0.0
0,0.0
0,0.0
0,0.0
0,0.0
0,0.0
0,0.0
0,0.0
1,0.0
0,0.0
0,0.0
0,0.0
0,0.0
0,0.0
