{
  "type": "isotonic",
  "x": [
    0.0053102972177370405,
    0.03381813398620429,
    0.03385269024921643,
    0.16266077548737862,
    0.1653688631898371,
    0.17890583354743889,
    0.17929241256938855,
    0.23813701594160427,
    0.25582825509582935,
    0.3826936457579267,
    0.38758603893805277,
    0.4129818890771354,
    0.4673896153172013,
    0.5288510412815987,
    0.5299860944828013,
    0.7265719930022077,
    0.7687296254003079,
    0.850364414152847
  ],
  "y": [
    0.0,
    0.0,
    0.06666666666666667,
    0.06666666666666667,
    0.14285714285714285,
    0.14285714285714285,
    0.17647058823529413,
    0.17647058823529413,
    0.2222222222222222,
    0.2222222222222222,
    0.5,
    0.5,
    0.6,
    0.6,
    0.6666666666666666,
    0.6666666666666666,
    1.0,
    1.0
  ]
}