{
  "type": "platt",
  "a": -11.462758224939906,
  "b": 19.371733605194496
}