{
  "type": "isotonic",
  "x": [
    0.02892405227410938,
    0.0717045886410044,
    0.07237573832628928,
    0.1390576375482572,
    0.1502230041187364,
    0.20361701115912567,
    0.23318435608633378,
    0.6116628293551927,
    0.6219080793878086,
    0.7703867694359096,
    0.7842272998533221,
    0.8878984610568362,
    0.8885615866766118,
    0.9849297421841725,
    0.9850970593400744,
    0.9979914689464685
  ],
  "y": [
    0.0,
    0.0,
    0.375,
    0.375,
    0.4,
    0.4,
    0.5,
    0.5,
    0.8181818181818182,
    0.8181818181818182,
    0.8571428571428571,
    0.8571428571428571,
    0.9545454545454546,
    0.9545454545454546,
    1.0,
    1.0
  ]
}