{
  "type": "platt",
  "a": 0.7253034095886869,
  "b": -0.5951553669333226
}