{
  "type": "platt",
  "a": 0.6221909150562349,
  "b": -0.8893901181173446
}