k_star,model,test_roc_auc,test_pr_auc,test_brier
10,svm_rbf,0.7008928571428571,0.40007215007215,0.14430871256021768
10,catboost,0.5714285714285714,0.2596640105317489,0.14596848941622684
10,mlp,0.71875,0.44353408029878616,0.14187277520249061
20,svm_rbf,0.6629464285714286,0.34897253215667534,0.14400219185702204
20,catboost,0.6919642857142857,0.40813813813813815,0.14529369684253132
20,mlp,0.5892857142857142,0.26373626373626374,0.14547874420641102
30,svm_rbf,0.7120535714285714,0.6587329720970274,0.10158542915873771
30,catboost,0.8169642857142857,0.7334656084656084,0.0899765115993483
30,mlp,0.6830357142857142,0.416981212547715,0.13691758042929872
