OOD_rate,Undetermined_rate,OOD_and_undetermined,Undetermined_that_are_OOD
0.10471204188481675,0.04712041884816754,0.015706806282722512,0.3333333333333333
