{
  "features": {
    "ОХ перед ТП": -0.755740071403583,
    "ЛПНП перед ТП": -1.58463194838615,
    "ЛПВП перед ТП": -0.779189261539418,
    "ТГ перед ТП": -0.208832589307293,
    "Мочевая кислота перед ТП": -0.750661023191528,
    "ЭХО ЛП перед ТП": -1.62355835893268,
    "ЭХО КДР перед ТП": -0.667502514579235,
    "ЭХО МЖП перед ТП": -0.247681132521097,
    "ЭХО ЗС перед ТП": 0.653311659639669,
    "ЭХО СДЛА перед ТП": -0.288002821697997,
    "ЭХО ФВ перед ТП": 1.09844566929097,
    "ЭХО ММЛЖ перед ТП": -0.348838145189432,
    "ЭХО ИММЛЖ перед ТП": -0.433666931234243,
    "ОТТ перед ТП": 1.23658341938999,
    "САД перед ТП": -0.0134785101815715,
    "ДАД перед ТП": -0.166942937461214,
    "QRISK3": -0.138886055713874,
    "healthy person risk": -0.842512469497323,
    "relative risk": 2.27685653812926,
    "qrisk age": 0.274971096631133,
    "Пол_жен": 0.0,
    "Пол_муж": 1.0,
    "Диагноз_АРМС": 1.0,
    "Диагноз_ДБСТ": 0.0,
    "Диагноз_МКБ": 0.0,
    "Диагноз_Периодическая болезнь": 0.0,
    "Диагноз_Подагра": 0.0,
    "Диагноз_Поликлистоз": 0.0,
    "Диагноз_Сахарный диабет": 0.0,
    "Диагноз_ХГН": 0.0,
    "Диагноз_Хронический тубулоинтерстицильный нефрит": 0.0,
    "Диагноз_Хронический тубулоинтерстицильный нефрит без ГУС": 0.0,
    "Диагноз_прочие": 0.0,
    "Диагноз_с-м Альпорта": 0.0,
    "Донор_От живого донора неродственная": 0.0,
    "Донор_От живого донора родственная": 0.0,
    "Донор_трупная почка": 1.0,
    "ИБС до ТП_есть": 0.0,
    "ИБС до ТП_нет": 1.0,
    "ХНС до ТП_есть": 1.0,
    "ХНС до ТП_нет": 0.0,
    "ОНМК до ТП_есть": 0.0,
    "ОНМК до ТП_нет": 1.0,
    "ТЭЛА до ТП_есть": 0.0,
    "ТЭЛА до ТП_нет": 1.0,
    "ИМ до ТП_есть": 0.0,
    "ИМ до ТП_нет": 1.0,
    "стадия ХСН перед ТП_1 ФК": 0.0,
    "стадия ХСН перед ТП_2 ФК": 1.0,
    "стадия ХСН перед ТП_3 ФК": 0.0,
    "стадия ХСН перед ТП_нет": 0.0,
    "КАГ до ТП_есть": 0.0,
    "КАГ до ТП_нет": 1.0
  }
}