metric,mean,ci_low,ci_high,n_boot
brier,0.1506906578543801,0.11535913461578991,0.19098616210341562,1000
ece,0.051469415557686214,0.018657047069112018,0.09241885904376093,1000
