metric,mean,ci_low,ci_high,n_boot
brier,0.131466624039042,0.10029867937204506,0.1645871364524646,1000
ece,0.12219572234310898,0.07870405752474896,0.16431726039739292,1000
