metric,mean,ci_low,ci_high,n_boot
brier,0.1121296716088091,0.08248005521428373,0.1459730266033442,1000
ece,0.06950605476294121,0.03723307609858936,0.11038505259982014,1000
