metric,mean,ci_low,ci_high,n_boot
brier,0.15108756055724665,0.11418976846573607,0.19074825836027703,1000
ece,0.0503765262836025,0.01760331622233417,0.09271982180561925,1000
