metric,mean,ci_low,ci_high,n_boot
brier,0.12293879389130435,0.09418103021159897,0.1573578502381237,1000
ece,0.08075967586246945,0.04140278869042403,0.12237083630041583,1000
