metric,mean,ci_low,ci_high,n_boot
brier,0.11239769965680561,0.08345959157452347,0.14415726041978527,1000
ece,0.06905536026506853,0.03482226018217384,0.10829800911704146,1000
