fold,ece
1,0.09553763586838894
2,0.10151367115956628
3,0.11766699242969246
4,0.07220756414233032
5,0.04254837589681292
