model,roc_auc,pr_auc,brier,ece,brier_ci_low,brier_ci_high,ece_ci_low,ece_ci_high,calibration,notes
svm_rbf,0.7780067440989135,0.4762743639589365,0.1232786528476035,0.060278575028649785,0.0941810302115989,0.1573578502381237,0.041402788690424,0.1223708363004158,isotonic,
catboost,0.7612401648557512,0.5679689407950557,0.1122584477513991,0.059067850574004765,0.0834595915745234,0.1441572604197852,0.0348222601821738,0.1082980091170414,platt,
mlp,0.5587298613713001,0.28822452550279176,0.15121456309319867,0.03358537703471141,0.114189768465736,0.190748258360277,0.0176033162223341,0.0927198218056192,platt,
ensemble,0.6745035593855376,0.40248893598828617,0.13144983648628972,0.10922886620569906,0.100298679372045,0.1645871364524646,0.0787040575247489,0.1643172603973929,,"selection policy: bin-wise min ECE, tie-break by Brier; p_final used"
