outer_fold,best_params,best_calibrator,roc_auc,pr_auc,brier,ece
1,"{""C"": 10.0, ""gamma"": 0.01}",platt,0.7633928571428571,0.5598290598290598,0.125023561730953,0.08154363353533829
2,"{""C"": 10.0, ""gamma"": 0.01}",isotonic,0.8072916666666667,0.5367647058823529,0.10777294543730581,0.0788739184616615
3,"{""C"": 1.0, ""gamma"": 0.01}",platt,0.8940092165898618,0.60006105006105,0.1388575468696971,0.08632892386399008
4,"{""C"": 1.0, ""gamma"": 0.01}",isotonic,0.7419354838709677,0.5692895339954163,0.1189534440612011,0.14566567920133058
5,"{""C"": 1.0, ""gamma"": 0.01}",platt,0.8940092165898617,0.7787878787878788,0.1257398474840355,0.13972056448952744
