outer_fold,best_params,best_calibrator,decision_threshold,constraint_feasible,constraint_violation,roc_auc,pr_auc,brier,ece,sens,spec,fnr,fpr,tp,fp,tn,fn
1,"{""layers"": [32, 16], ""dropout"": 0.2, ""weight_decay"": 0.01, ""early_stopping"": true}",platt,0.1926191550548661,False,7.333333333333333,0.7723214285714285,0.5415313852813852,0.13136417892538702,0.03280113381486452,0.42857142857142855,0.8125,0.5714285714285714,0.1875,3,6,26,4
2,"{""layers"": [32, 16], ""dropout"": 0.2, ""weight_decay"": 0.01, ""early_stopping"": true}",platt,0.19211391971827507,False,8.0,0.8802083333333334,0.6262838468720822,0.10794962573330216,0.07841174500106779,0.6666666666666666,0.90625,0.3333333333333333,0.09375,4,3,29,2
3,"{""layers"": [32, 16], ""dropout"": 0.2, ""weight_decay"": 0.0001, ""early_stopping"": true}",platt,0.19191350697545403,False,7.0,0.728110599078341,0.6332908163265306,0.1343550821618897,0.08042006965337914,0.5714285714285714,0.8064516129032258,0.42857142857142855,0.1935483870967742,4,6,25,3
4,"{""layers"": [32, 16], ""dropout"": 0.2, ""weight_decay"": 0.001, ""early_stopping"": true}",platt,0.19150463498126077,False,6.833333333333333,0.8709677419354839,0.6051568314726209,0.13304906961880777,0.05504619526385479,0.7142857142857143,0.8709677419354839,0.2857142857142857,0.12903225806451613,5,4,27,2
5,"{""layers"": [32, 16], ""dropout"": 0.2, ""weight_decay"": 0.01, ""early_stopping"": true}",platt,0.19373416563853554,False,7.0,0.9493087557603687,0.8309523809523809,0.11771481585510155,0.13391940738469152,0.7142857142857143,0.9032258064516129,0.2857142857142857,0.0967741935483871,5,3,28,2
