{
  "threshold": 0.1727645938061165,
  "tp": 32.0,
  "fp": 123.0,
  "fn": 2.0,
  "tn": 34.0,
  "sensitivity": 0.9411764705882353,
  "specificity": 0.21656050955414013
}