meta_model,class_weight_spec,meta_c,rf_n_estimators,rf_max_depth,rf_min_samples_leaf,n_splits,n_repeats,target_pos_ratio,use_raw_features,threshold,tp,fp,fn,tn,sens,spec,cost,constraint_violation,preserve_fn_excess,meets_max_fp,meets_target_fn,meets_preserve_fn_max,meets_both
logreg,balanced,0.03,0,,0,5,8,0.45,True,0.31153088478239943,28,44,6,113,0.8235294117647058,0.7197452229299363,74.0,5.285714285714286,0,False,False,True,False
logreg,1:3,0.03,0,,0,5,8,0.45,True,0.42778422745873756,28,46,6,111,0.8235294117647058,0.7070063694267515,76.0,5.571428571428571,0,False,False,True,False
logreg,1:3,0.05,0,,0,5,8,0.45,True,0.3793730355413158,28,46,6,111,0.8235294117647058,0.7070063694267515,76.0,5.571428571428571,0,False,False,True,False
logreg,1:5,0.03,0,,0,5,8,0.45,True,0.4882549682639906,29,47,5,110,0.8529411764705882,0.7006369426751592,72.0,5.714285714285714,0,False,False,True,False
logreg,balanced,0.05,0,,0,5,8,0.45,True,0.2795823766816541,28,47,6,110,0.8235294117647058,0.7006369426751592,77.0,5.714285714285714,0,False,False,True,False
logreg,1:5,0.05,0,,0,5,8,0.45,True,0.43153397855824255,29,48,5,109,0.8529411764705882,0.6942675159235668,73.0,5.857142857142857,0,False,False,True,False
logreg,1:5,0.1,0,,0,5,8,0.45,True,0.35342100612064675,29,48,5,109,0.8529411764705882,0.6942675159235668,73.0,5.857142857142857,0,False,False,True,False
logreg,1:3,0.1,0,,0,5,8,0.45,True,0.30171740946864267,29,48,5,109,0.8529411764705882,0.6942675159235668,73.0,5.857142857142857,0,False,False,True,False
logreg,balanced,0.1,0,,0,5,8,0.45,True,0.23368397065790542,28,48,6,109,0.8235294117647058,0.6942675159235668,78.0,5.857142857142857,0,False,False,True,False
