{
  "n_estimators": 250,
  "max_depth": 2,
  "learning_rate": 0.05,
  "min_child_weight": 6.0,
  "subsample": 0.8,
  "colsample_bytree": 0.8,
  "reg_lambda": 4.0,
  "gamma": 0.0,
  "scale_pos_weight": 4.0,
  "subgroup_neg_boost": 0.0,
  "hard_neg_boost": 0.0,
  "hard_pos_boost": 0.0,
  "threshold": 0.2815413773059845,
  "tp": 31,
  "fp": 35,
  "tn": 122,
  "fn": 3,
  "sens": 0.9117647058823529,
  "spec": 0.7770700636942676,
  "fnr": 0.08823529411764706,
  "fpr": 0.2229299363057325,
  "constraint_violation": 5.0,
  "constraint_feasible": false
}