{
  "n_estimators": 350,
  "max_depth": 2,
  "learning_rate": 0.05,
  "min_child_weight": 6.0,
  "subsample": 0.9,
  "colsample_bytree": 0.8,
  "reg_lambda": 4.0,
  "gamma": 0.0,
  "scale_pos_weight": 5.0,
  "subgroup_neg_boost": 0.0,
  "hard_neg_boost": 0.0,
  "hard_pos_boost": 0.0,
  "threshold": 0.24804376065731049,
  "tp": 31,
  "fp": 34,
  "tn": 123,
  "fn": 3,
  "sens": 0.9117647058823529,
  "spec": 0.7834394904458599,
  "fnr": 0.08823529411764706,
  "fpr": 0.21656050955414013,
  "constraint_violation": 4.857142857142857,
  "constraint_feasible": false
}