{
  "n_estimators": 250,
  "max_depth": 2,
  "learning_rate": 0.05,
  "min_child_weight": 6.0,
  "subsample": 0.8,
  "colsample_bytree": 0.7,
  "reg_lambda": 6.0,
  "gamma": 0.0,
  "scale_pos_weight": 4.0,
  "subgroup_neg_boost": 0.0,
  "hard_neg_boost": 0.0,
  "hard_pos_boost": 0.0,
  "threshold": 0.31121379137039185,
  "tp": 30,
  "fp": 33,
  "tn": 124,
  "fn": 4,
  "sens": 0.8823529411764706,
  "spec": 0.7898089171974523,
  "fnr": 0.11764705882352941,
  "fpr": 0.21019108280254778,
  "constraint_violation": 4.714285714285714,
  "constraint_feasible": false
}