{
  "n_estimators": 300,
  "max_depth": 3,
  "learning_rate": 0.05,
  "min_child_weight": 4.0,
  "subsample": 0.9,
  "colsample_bytree": 0.7,
  "reg_lambda": 4.0,
  "gamma": 0.0,
  "scale_pos_weight": 4.5,
  "subgroup_neg_boost": 0.0,
  "hard_neg_boost": 0.0,
  "hard_pos_boost": 0.0,
  "threshold": 0.2404668778181076,
  "tp": 29,
  "fp": 25,
  "tn": 132,
  "fn": 5,
  "sens": 0.8529411764705882,
  "spec": 0.8407643312101911,
  "fnr": 0.14705882352941177,
  "fpr": 0.1592356687898089,
  "constraint_violation": 5.0,
  "constraint_feasible": false
}